install	PASS	2026-08-24T00:00:49Z	2026-08-24T00:00:52Z
doctor	PASS	2026-08-24T00:00:52Z	2026-08-24T00:00:52Z
python_tests	PASS	2026-08-24T00:00:52Z	2026-08-24T00:01:42Z
go_tests	PASS	2026-08-24T00:01:42Z	2026-08-24T00:01:43Z
canonical_lint	PASS	2026-08-24T00:01:43Z	2026-08-24T00:01:43Z
repository_matrix	PASS	2026-08-24T00:01:43Z	2026-08-24T00:06:06Z
graph_truth	PASS	2026-08-24T00:06:06Z	2026-08-24T00:06:08Z
graph_lifecycle	PASS	2026-08-24T00:06:08Z	2026-08-24T00:06:12Z
language_lifecycle	PASS	2026-08-24T00:06:12Z	2026-08-24T00:07:01Z
dense_model	PASS	2026-08-24T00:07:01Z	2026-08-24T00:07:04Z
harness_e2e	PASS	2026-08-24T00:07:04Z	2026-08-24T00:07:35Z
failure_campaign	PASS	2026-08-24T00:07:35Z	2026-08-24T00:07:46Z
product_certifier	PASS	2026-08-24T00:07:46Z	2026-08-24T00:07:46Z
